dwell,flight,interkey,target
104.16153846107997,219.08181818236005,275.60909090936184,1
81.69999999982807,182.072727272795,235.60909090902317,1
85.46923076819915,123.08181818269871,196.0818181816827,1
